<?xml version="1.0" encoding="UTF-8"?>

<!DOCTYPE struts PUBLIC 
    "-//Apache Software Foundation//DTD Struts Configuration 2.0//EN"
    "http://struts.apache.org/dtds/struts-2.0.dtd">

<struts>
	<package name="myPackage" extends="struts-default">
		<action name="index" class="com.xan.IndexAction">
			<result>/jsp/index.jsp</result>
		</action>
		<action name="helloWorld" class="helloWorldAction"> 
			<result name="input">/jsp/index.jsp</result>
			<result>/jsp/helloWorld.jsp</result>
		</action>
	</package>
</struts>
